Account Code,Account Name,Portal URL,Type,Address
ADMIN001,ADMIN - Matt Conway,https://12trinity.github.io/order-portal/12-trinity-portal.html?account=ADMIN001,ADMIN,
0IB5SNPS,Escapade,https://12trinity.github.io/order-portal/12-trinity-portal.html?account=0IB5SNPS,Live Nation,"Ottawa, ON"
0PHR4APK,Revival Event Venue,https://12trinity.github.io/order-portal/12-trinity-portal.html?account=0PHR4APK,Live Nation,"783 College St, Toronto, ON"
1B2VHWPH,Budweiser Stage,https://12trinity.github.io/order-portal/12-trinity-portal.html?account=1B2VHWPH,Live Nation,"909 Lakes Shore Blvd W, Toronto, ON"
28F7LZNN,Dianne's Fish Shack,https://12trinity.github.io/order-portal/12-trinity-portal.html?account=28F7LZNN,Regular,"195 Ontario St., Kingston, ON"
2ASGWWVX,Fauna,https://12trinity.github.io/order-portal/12-trinity-portal.html?account=2ASGWWVX,Regular,"425 Bank St, Ottawa, ON"
2TX3LXHJ,The Davenport,https://12trinity.github.io/order-portal/12-trinity-portal.html?account=2TX3LXHJ,Regular,"1150 Davenport Rd, Toronto, ON"
2YM3FVV6,Aera,https://12trinity.github.io/order-portal/12-trinity-portal.html?account=2YM3FVV6,Regular,"8 Spadina Ave. #3800, Toronto, ON"
3BMS5273,Beamish House,https://12trinity.github.io/order-portal/12-trinity-portal.html?account=3BMS5273,Regular,"27 John St., Port Hope, ON"
3E5D358V,Hy's Steakhouse,https://12trinity.github.io/order-portal/12-trinity-portal.html?account=3E5D358V,Regular,"365 Bay St., Toronto, ON M5H 2V1"
3ELKA2ZU,Bar Mordecai,https://12trinity.github.io/order-portal/12-trinity-portal.html?account=3ELKA2ZU,Regular,"1272 Dundas st W, Toronto, ON"
3HZS2KHN,Track & Field Bar,https://12trinity.github.io/order-portal/12-trinity-portal.html?account=3HZS2KHN,Regular,"582 College Street, Toronto, ON"
3PLJPAWG,Dina's Tavern,https://12trinity.github.io/order-portal/12-trinity-portal.html?account=3PLJPAWG,Regular,"584 Spadina Avenue, Toronto, ON"
3WLM3FS3,Luxe Appliance Studio,https://12trinity.github.io/order-portal/12-trinity-portal.html?account=3WLM3FS3,Regular,"334 King Street East Toronto, ON"
3WYJ9PEE,Fairmont Royal York Hotel,https://12trinity.github.io/order-portal/12-trinity-portal.html?account=3WYJ9PEE,Regular,"100 Front st W, Toronto, ON"
3X2W6K45,Drake Devonshire,https://12trinity.github.io/order-portal/12-trinity-portal.html?account=3X2W6K45,Regular,"24 Wharf St, Wellington, ON"
3YBBY8SD,History,https://12trinity.github.io/order-portal/12-trinity-portal.html?account=3YBBY8SD,Live Nation,"1663 Queen St E, Toronto, ON"
455CDQH8,Brch & Wyn,https://12trinity.github.io/order-portal/12-trinity-portal.html?account=455CDQH8,Regular,"245 Downie St., Stratford ON"
4A5873T2,Coffee Oysters Champagne | A Toi,https://12trinity.github.io/order-portal/12-trinity-portal.html?account=4A5873T2,Regular,"214 King St W Unit B1, Toronto, ON"
4GALK4CC,Danforth Music Hall,https://12trinity.github.io/order-portal/12-trinity-portal.html?account=4GALK4CC,Live Nation,"147 Danforth Ave, Toronto, ON"
4GRBZBC4,Mod Club,https://12trinity.github.io/order-portal/12-trinity-portal.html?account=4GRBZBC4,Live Nation,"722 College St, Toronto, ON"
4O4TUYR5,Lakehouse,https://12trinity.github.io/order-portal/12-trinity-portal.html?account=4O4TUYR5,Live Nation,"909 Lake Shore Blvd W, Toronto, ON"
4TVVHA2M,Portland Square,https://12trinity.github.io/order-portal/12-trinity-portal.html?account=4TVVHA2M,Regular,"600 King st W, Toronto, ON"
4YW7WFL7,Nomi Resort,https://12trinity.github.io/order-portal/12-trinity-portal.html?account=4YW7WFL7,Regular,"4727 Elephant Lake Road, Harcourt, ON"
535XRNY6,Little Beasts Brewing,https://12trinity.github.io/order-portal/12-trinity-portal.html?account=535XRNY6,Regular,"2075 Forbes St., Unit B4, Whitby, ON"
56WHMDYA,Room 797,https://12trinity.github.io/order-portal/12-trinity-portal.html?account=56WHMDYA,Regular,"178 High Street, Southampton, ON N0H 2L0"
5772KDCM,Roy Thomson Hall,https://12trinity.github.io/order-portal/12-trinity-portal.html?account=5772KDCM,Regular,"60 Simcoe st, Toronto, ON M5J 2H5"
5AW6RUZ2,Apt 200,https://12trinity.github.io/order-portal/12-trinity-portal.html?account=5AW6RUZ2,Regular,"1034 Queen St W, Toronto, ON"
5D2BQ3XR,Chez Nous Wine Bar,https://12trinity.github.io/order-portal/12-trinity-portal.html?account=5D2BQ3XR,Regular,"798 Queen St E, Toronto, ON"
5DHUWQXJ,Perch Restaurant,https://12trinity.github.io/order-portal/12-trinity-portal.html?account=5DHUWQXJ,Regular,"300 Preston St Unit 1, Ottawa, ON"
5ETF8ZYJ,Bean Counter Cafe,https://12trinity.github.io/order-portal/12-trinity-portal.html?account=5ETF8ZYJ,Regular,"101-172 Picton Main street, Picton, ON K0K 2T0"
5J37FUW8,Angeline's Inn,https://12trinity.github.io/order-portal/12-trinity-portal.html?account=5J37FUW8,Regular,"433 Bloomfield Main St, Bloomfield, ON K0K 1G0"
5LMGB6ZD,Empire Sandy,https://12trinity.github.io/order-portal/12-trinity-portal.html?account=5LMGB6ZD,Regular,"Tall Ship Empire Sandy, Queens Quay & Spadina. Toronto, ON"
5P6RBBSM,Claramount Club,https://12trinity.github.io/order-portal/12-trinity-portal.html?account=5P6RBBSM,Regular,"40 Clara Dr, Prince Edward, ON K0K 2T0"
5VTDAACG,Jacobs & Co. Steakhouse,https://12trinity.github.io/order-portal/12-trinity-portal.html?account=5VTDAACG,Regular,"81 Bay st, 4th floor, Toronto, ON"
5ZJVEJ4V,Melrose / Piccolo Caffe e Vino,https://12trinity.github.io/order-portal/12-trinity-portal.html?account=5ZJVEJ4V,Regular,"270 Adelaide St W. Toronto, ON"
63VP82A5,Ember,https://12trinity.github.io/order-portal/12-trinity-portal.html?account=63VP82A5,Regular,"92 Clarence St. Ottawa, ON"
6455GDYW,Mati,https://12trinity.github.io/order-portal/12-trinity-portal.html?account=6455GDYW,Regular,"428 Preston St, Ottawa, ON"
6ARQ7VX5,Petros82 (Don Mills),https://12trinity.github.io/order-portal/12-trinity-portal.html?account=6ARQ7VX5,Regular,"900 York Mills rd, North York, ON"
6HWKF2NC,Eastbound Brewing Co.,https://12trinity.github.io/order-portal/12-trinity-portal.html?account=6HWKF2NC,Regular,"700 Queen Street East, Toronto, ON"
6L9DU56E,Arden Park Hotel,https://12trinity.github.io/order-portal/12-trinity-portal.html?account=6L9DU56E,Regular,"552 Ontario St. Stratford, ON N5A 3J3"
6QHFL2E8,Mandy's Bistro (The Epochal Imp),https://12trinity.github.io/order-portal/12-trinity-portal.html?account=6QHFL2E8,Regular,"123 Danforth Ave, Toronto, ON"
6QVW7UZN,Pukka,https://12trinity.github.io/order-portal/12-trinity-portal.html?account=6QVW7UZN,Regular,"778 St.Clair Avenue West, Toronto, ON"
6TRH26SN,The Argyle Golf Bar Inc.,https://12trinity.github.io/order-portal/12-trinity-portal.html?account=6TRH26SN,Regular,"304 Ottawa Street N, Hamilton ON, L8H 3Z9"
6UQBJK6F,Hartley's Tavern,https://12trinity.github.io/order-portal/12-trinity-portal.html?account=6UQBJK6F,Regular,"19 Elizabeth St, Picton, ON"
7A3WHFCT,Corbin Catering & Foods,https://12trinity.github.io/order-portal/12-trinity-portal.html?account=7A3WHFCT,Regular,"1670 Kingston Rd, Scarborough, ON"
7FTWKS5S,Queenston Lewiston,https://12trinity.github.io/order-portal/12-trinity-portal.html?account=7FTWKS5S,Regular,"Lewiston Queenston Bridge, Queenston, ON"
7PVKRHDK,Trillium Woods Golf Course,https://12trinity.github.io/order-portal/12-trinity-portal.html?account=7PVKRHDK,Regular,"1281 - ON 37, Corbyville, ON K0K 2V0"
7SVYTKJ4,Eem Khao,https://12trinity.github.io/order-portal/12-trinity-portal.html?account=7SVYTKJ4,Regular,"301 James St. North, Hamilton, ON L8R 2L4"
7UJY8KSM,Thr33s Company,https://12trinity.github.io/order-portal/12-trinity-portal.html?account=7UJY8KSM,Regular,"589 Bank St, Ottawa, ON"
7WACALXF,Mother Cocktail Bar,https://12trinity.github.io/order-portal/12-trinity-portal.html?account=7WACALXF,Regular,"874 Queen St W, Toronto, ON"
844YRPRC,Pearson Duty Free,https://12trinity.github.io/order-portal/12-trinity-portal.html?account=844YRPRC,Regular,"111 Advance Blvd, Brampton, ON"
89C9QNP2,Central Ossington,https://12trinity.github.io/order-portal/12-trinity-portal.html?account=89C9QNP2,Regular,"114 Ossington, Toronto, ON M6J 2Z4"
8DQ6KBL5,Parsons Brewing Company,https://12trinity.github.io/order-portal/12-trinity-portal.html?account=8DQ6KBL5,Regular,"876 County Road 49, Picton ON"
8VK2Y7ZD,Wander The Resort,https://12trinity.github.io/order-portal/12-trinity-portal.html?account=8VK2Y7ZD,Regular,"15841 Loyalist Parkway, Bloomfield, ON K0K 1G0"
8VTLE5R5,The Haifa Room,https://12trinity.github.io/order-portal/12-trinity-portal.html?account=8VTLE5R5,Regular,"224 Ossington Ave, Toronto, ON"
964BYULE,Andaz Ottawa Byward Market (Hyatt),https://12trinity.github.io/order-portal/12-trinity-portal.html?account=964BYULE,Regular,"325 Dalhousie St, Ottawa, ON K1N 7G1"
96U6SVRB,Anice Jewlery,https://12trinity.github.io/order-portal/12-trinity-portal.html?account=96U6SVRB,Regular,"275 Bloomfield Main Street, Main Level, Bloomfield ON K0K 1G0"
99HQ3KCN,Hawker,https://12trinity.github.io/order-portal/12-trinity-portal.html?account=99HQ3KCN,Regular,"291 Augusta Ave, Toronto, ON"
9DHB3DSX,Alo Restaurant & Bar,https://12trinity.github.io/order-portal/12-trinity-portal.html?account=9DHB3DSX,Regular,"163 Spadina Ave, Toronto, ON"
9JRZBTWS,10 Dean,https://12trinity.github.io/order-portal/12-trinity-portal.html?account=9JRZBTWS,Regular,"21 Dalhousie St, Toronto, ON"
9K0KUXPA,Boiler Room,https://12trinity.github.io/order-portal/12-trinity-portal.html?account=9K0KUXPA,Live Nation,"Woodbine Park, Toronto, ON"
9M2X43S3,Granite Club,https://12trinity.github.io/order-portal/12-trinity-portal.html?account=9M2X43S3,Regular,"2350 Bayview Ave, North York, ON"
9U4WXY7W,Elizabeth Hospitality,https://12trinity.github.io/order-portal/12-trinity-portal.html?account=9U4WXY7W,Regular,"159 Ontario St, Stratford, ON"
A2AXBGNP,Bloomfield Public House,https://12trinity.github.io/order-portal/12-trinity-portal.html?account=A2AXBGNP,Regular,"257 Main St, Bloomfield, ON K0K 1G0"
A8QC6VPL,Noir Restaurant,https://12trinity.github.io/order-portal/12-trinity-portal.html?account=A8QC6VPL,Regular,"137 Locke St S, Hamilton, ON"
AF3YMWZX,Mother Tongue / Liquid Courage,https://12trinity.github.io/order-portal/12-trinity-portal.html?account=AF3YMWZX,Regular,"348 Adelaide St W, Toronto, ON"
AGWZU62M,Bluewater,https://12trinity.github.io/order-portal/12-trinity-portal.html?account=AGWZU62M,Regular,"2 Bridge St, Point Edward, ON"
ANAVKQFL,The Wine Sisters,https://12trinity.github.io/order-portal/12-trinity-portal.html?account=ANAVKQFL,Regular,"150 King St W 27th floor, Toronto, ON M5H 1J9"
APKB7U8N,Bar Banane,https://12trinity.github.io/order-portal/12-trinity-portal.html?account=APKB7U8N,Regular,"227a Ossington Ave, Toronto ON"
AV86WW8P,Bar Charlotte,https://12trinity.github.io/order-portal/12-trinity-portal.html?account=AV86WW8P,Regular,"340b Elgin St, Ottawa, ON K2P 1M6"
AZFBWPD3,Simpl Things,https://12trinity.github.io/order-portal/12-trinity-portal.html?account=AZFBWPD3,Regular,"269 Dunn Ave, Toronto, ON"
AZHPKZGR,Blu Ristorante and Lounge,https://12trinity.github.io/order-portal/12-trinity-portal.html?account=AZHPKZGR,Regular,"214 King St W, Toronto, ON"
B23MHGKP,Humber Valley Golf Course,https://12trinity.github.io/order-portal/12-trinity-portal.html?account=B23MHGKP,Regular,"40 Beattie Ave, Etobicoke, ON"
B742KJHS,Sofia Yorkville,https://12trinity.github.io/order-portal/12-trinity-portal.html?account=B742KJHS,Regular,"99 Yorkville Ave, Toronto, ON"
B9BGQ4AM,Elora Mill Hotel & Spa,https://12trinity.github.io/order-portal/12-trinity-portal.html?account=B9BGQ4AM,Regular,"77 Mill Street West, Elora Ontario, N0B 1S0"
BDJFP2D4,Le Poisson Bleu,https://12trinity.github.io/order-portal/12-trinity-portal.html?account=BDJFP2D4,Regular,"610 Sommerset St W, Unit C, Ottawa, ON"
BDYPHKWJ,Antler,https://12trinity.github.io/order-portal/12-trinity-portal.html?account=BDYPHKWJ,Regular,"1454 Dundas St W, Toronto, ON"
BEN76PC6,Paris Texas,https://12trinity.github.io/order-portal/12-trinity-portal.html?account=BEN76PC6,Regular,"461 King St W, Toronto, ON M5V 1K4"
BEZN25BN,Everyside,https://12trinity.github.io/order-portal/12-trinity-portal.html?account=BEZN25BN,Regular,"120 Adelaide St #100, Toronto, ON"
BJV23SDZ,Red House Downtown,https://12trinity.github.io/order-portal/12-trinity-portal.html?account=BJV23SDZ,Regular,"369 King st E, Kingston, ON"
BL8ELU93,Local Public Eatery (Adelaide),https://12trinity.github.io/order-portal/12-trinity-portal.html?account=BL8ELU93,Regular,"141 Adelaide st, Toronto, ON"
BLGX9CZ7,FIRST Insurance Funding of Canada,https://12trinity.github.io/order-portal/12-trinity-portal.html?account=BLGX9CZ7,Regular,"20 Toronto St, Suite 700, Toronto, ON, M5C 2B8"
BY87T8JS,Six Thirty Nine,https://12trinity.github.io/order-portal/12-trinity-portal.html?account=BY87T8JS,Regular,"639 Peel Street Woodstock, ON"
BY9FJNL9,Crossroads Restaurant,https://12trinity.github.io/order-portal/12-trinity-portal.html?account=BY9FJNL9,Regular,"2 Cardwell Road, Rosseau, ON"
BYNFTYZC,Ojibiway Club,https://12trinity.github.io/order-portal/12-trinity-portal.html?account=BYNFTYZC,Regular,"Ojibiway Island, ON"
C2HJFYDV,Fawn Over Market,https://12trinity.github.io/order-portal/12-trinity-portal.html?account=C2HJFYDV,Regular,"22186 Loyalist Parkway, Carrying Place, ON"
C3AD3EZM,Liberty Soho,https://12trinity.github.io/order-portal/12-trinity-portal.html?account=C3AD3EZM,Regular,"139 E Liberty St. Toronto, ON"
C9CR3D93,Vagabondo Restobar,https://12trinity.github.io/order-portal/12-trinity-portal.html?account=C9CR3D93,Regular,"310 Front Street West, Toronto, M5V 3A4"
CFJDKFG2,Ritz Carlton,https://12trinity.github.io/order-portal/12-trinity-portal.html?account=CFJDKFG2,Regular,"181 Wellington St W, Toronto, ON"
CJC8ZXWJ,Marilynne Food Co. Ltd,https://12trinity.github.io/order-portal/12-trinity-portal.html?account=CJC8ZXWJ,Regular,"19 Toronto St N PO Box 968 Markdale, ON"
CTSLRV4P,Massey Hall,https://12trinity.github.io/order-portal/12-trinity-portal.html?account=CTSLRV4P,Regular,"178 Victoria St, Toronto, ON M5B 1T7"
CXME5EPH,Mayla Concept / Le Jardin,https://12trinity.github.io/order-portal/12-trinity-portal.html?account=CXME5EPH,Regular,"343 King St E, Kingston Ontario, K7L 3B5"
CYBJQ6MF,Gloria in the Great Hall,https://12trinity.github.io/order-portal/12-trinity-portal.html?account=CYBJQ6MF,Regular,"1089 Queen St West, Toronto, ON"
DBP6LAQJ,Le Swan,https://12trinity.github.io/order-portal/12-trinity-portal.html?account=DBP6LAQJ,Regular,"892 Queen St W, Toronto, ON"
DEN6NLNT,Rhapsody,https://12trinity.github.io/order-portal/12-trinity-portal.html?account=DEN6NLNT,Regular,"214 Ossington Ave, Toronto, ON"
DGVG6Z6R,East India Company,https://12trinity.github.io/order-portal/12-trinity-portal.html?account=DGVG6Z6R,Regular,"210 Somerset West, Ottawa, ON, K2P 0J4"
DHE5DJ9A,Jackson Falls Country Inn,https://12trinity.github.io/order-portal/12-trinity-portal.html?account=DHE5DJ9A,Regular,"1768 Prince Edward County Road HWY 17, Milford ON"
DQJS44CY,Lisbon Hotel,https://12trinity.github.io/order-portal/12-trinity-portal.html?account=DQJS44CY,Regular,"19 Lawren Harris Sq, Toronto, ON"
DTUXJR29,Brigadoon Restaurant,https://12trinity.github.io/order-portal/12-trinity-portal.html?account=DTUXJR29,Regular,"9 Bridge St, Oxford Mills, ON"
DX8KTWAV,The Yardbird,https://12trinity.github.io/order-portal/12-trinity-portal.html?account=DX8KTWAV,Regular,"50 King St E, Bowmanville, ON"
E92N5CTE,Animl Steakhouse,https://12trinity.github.io/order-portal/12-trinity-portal.html?account=E92N5CTE,Regular,"420A Wellington St W, Toronto, ON"
EFNE8ML6,Vic Social,https://12trinity.github.io/order-portal/12-trinity-portal.html?account=EFNE8ML6,Regular,"166 Picton Main St, Picton ON"
EH3PJQ97,Hammerhead's Seafood Restaurant,https://12trinity.github.io/order-portal/12-trinity-portal.html?account=EH3PJQ97,Regular,"74 Ottawa Street North, Hamilton, ON L8H 3Z1"
ELST5DK8,Bar Piquette,https://12trinity.github.io/order-portal/12-trinity-portal.html?account=ELST5DK8,Regular,"1084 Queen St W, Toronto, ON"
EPTXVWQ3,Archives Wine & Spirit Merchants,https://12trinity.github.io/order-portal/12-trinity-portal.html?account=EPTXVWQ3,Regular,"1879 Gerrard St E, Toronto, ON"
F32L64Y5,Gladstone Commons,https://12trinity.github.io/order-portal/12-trinity-portal.html?account=F32L64Y5,Regular,"792 Gladstone Ave, Windsor, ON"
F96TUJH5,TasteEx,https://12trinity.github.io/order-portal/12-trinity-portal.html?account=F96TUJH5,Regular,123 Fake St
FDQA3PLT,Atomica,https://12trinity.github.io/order-portal/12-trinity-portal.html?account=FDQA3PLT,Regular,"71 Brock St., Kingston, ON"
FDWYJ2NM,Rapscallion & Co.,https://12trinity.github.io/order-portal/12-trinity-portal.html?account=FDWYJ2NM,Regular,"178 James St N, Hamilton, ON"
FGLL3G62,The Comrade,https://12trinity.github.io/order-portal/12-trinity-portal.html?account=FGLL3G62,Regular,"758 Queen St E, Toronto, ON"
FMPH8AXB,Hamptons Restaurant,https://12trinity.github.io/order-portal/12-trinity-portal.html?account=FMPH8AXB,Regular,"53 Clinton st. Toronto, ON M6G2Y4"
FN4WVL3L,Petros82 (Adelaide),https://12trinity.github.io/order-portal/12-trinity-portal.html?account=FN4WVL3L,Regular,"299 Adelaide St W, Toronto, ON"
FPTMM3B3,Aiana Restaurant,https://12trinity.github.io/order-portal/12-trinity-portal.html?account=FPTMM3B3,Regular,"50 O'Connor St., Ottawa K1P-6L2"
FRU6VD6W,Hendersons Brewing,https://12trinity.github.io/order-portal/12-trinity-portal.html?account=FRU6VD6W,Regular,"128A Sterling Road, Toronto, ON"
FZ4UTSB9,Belle Isle,https://12trinity.github.io/order-portal/12-trinity-portal.html?account=FZ4UTSB9,Regular,"1455 Gerrard St E, Toronto, ON"
FZB4SE6N,Rhubarb Restaurant,https://12trinity.github.io/order-portal/12-trinity-portal.html?account=FZB4SE6N,Regular,"9201 Hwy 118 Minden, ON"
GC3Z5V3R,Grange of Prince Edward,https://12trinity.github.io/order-portal/12-trinity-portal.html?account=GC3Z5V3R,Regular,"990 Closson Rd, Hillier, ON"
GCXB7HZR,The Knoll,https://12trinity.github.io/order-portal/12-trinity-portal.html?account=GCXB7HZR,Regular,"1642 County Rd 12, Prince Edward, ON K0K 2T0"
GJJH57ZT,Expedition Helicopters,https://12trinity.github.io/order-portal/12-trinity-portal.html?account=GJJH57ZT,Regular,"190 ON-11, Cochrane, ON"
GQ32RHFG,Contrada,https://12trinity.github.io/order-portal/12-trinity-portal.html?account=GQ32RHFG,Regular,"537 College st, Toronto, ON"
H442Y6DH,The Everly Restaurant & Lounge,https://12trinity.github.io/order-portal/12-trinity-portal.html?account=H442Y6DH,Regular,"171 Wellington St., Unit #103"
HG6TT7XV,The 222,https://12trinity.github.io/order-portal/12-trinity-portal.html?account=HG6TT7XV,Regular,"222 Ossington Ave, Toronto, ON"
HJ3P9JKQ,Mount Alverno,https://12trinity.github.io/order-portal/12-trinity-portal.html?account=HJ3P9JKQ,Regular,"20706 Heart Lake Rd, Caledon Village, ON"
HKP5M2TA,Sussex & Co,https://12trinity.github.io/order-portal/12-trinity-portal.html?account=HKP5M2TA,Regular,"15 Clarence St, Ottawa, ON"
HSE9226F,Poppy's French Bistro,https://12trinity.github.io/order-portal/12-trinity-portal.html?account=HSE9226F,Regular,"80 Simcoe St Suite 101, Collingwood, ON"
HXAVZXLU,No Vacancy,https://12trinity.github.io/order-portal/12-trinity-portal.html?account=HXAVZXLU,Regular,"74 Ossington Ave, Toronto, ON"
J235QQXN,Barton Salumeria,https://12trinity.github.io/order-portal/12-trinity-portal.html?account=J235QQXN,Regular,"357 Barton St E, Hamilton, ON"
JAYWXCU6,Sand and Pearl Oyster Bar,https://12trinity.github.io/order-portal/12-trinity-portal.html?account=JAYWXCU6,Regular,"1705 County Road 12, Prince Edward, ON"
JDBYMJJU,Stackt Market,https://12trinity.github.io/order-portal/12-trinity-portal.html?account=JDBYMJJU,Regular,"3 Tecumseth Street, Toronto, ON"
JG5EDRBE,MNP,https://12trinity.github.io/order-portal/12-trinity-portal.html?account=JG5EDRBE,Regular,"1 Adelaide St E Suite 1900, Toronto, ON M5C 2V9"
JJBZAAZ2,The Fredrick,https://12trinity.github.io/order-portal/12-trinity-portal.html?account=JJBZAAZ2,Regular,"10 Temperance St, Floor 1, Toronto ON, M5H 1Y6"
JTSMAXJW,Wander The Resort,https://12trinity.github.io/order-portal/12-trinity-portal.html?account=JTSMAXJW,Regular,"15841 Loyalist Parkway, Bloomfield, ON K0K 1G0"
JW6JYHNG,Ganaraska Brewing Co.,https://12trinity.github.io/order-portal/12-trinity-portal.html?account=JW6JYHNG,Regular,"33 Mill St S, Port Hope, ON"
K6NMMG3X,Waterworks Food Hall,https://12trinity.github.io/order-portal/12-trinity-portal.html?account=K6NMMG3X,Regular,"50 Brant st, Toronto, ON"
KPKUCUVW,The Ace,https://12trinity.github.io/order-portal/12-trinity-portal.html?account=KPKUCUVW,Regular,"231A Roncesvalles Ave, Toronto, ON"
L2UXYD3C,Pan Pacific Hotel,https://12trinity.github.io/order-portal/12-trinity-portal.html?account=L2UXYD3C,Regular,"900 York Mills Rd, North York, ON"
LAX2DYA3,Veld,https://12trinity.github.io/order-portal/12-trinity-portal.html?account=LAX2DYA3,Live Nation,"40 Carl Hall Rd, North York, ON"
LKK56JUY,Bar Duchess,https://12trinity.github.io/order-portal/12-trinity-portal.html?account=LKK56JUY,Regular,"13 Curtis St Picton, ON"
LSMYDXX6,915 DuPont Cafe,https://12trinity.github.io/order-portal/12-trinity-portal.html?account=LSMYDXX6,Regular,"915 Dupont Street, Toronto, ON"
LZT6A6QV,Cherry St Bar-B-Que,https://12trinity.github.io/order-portal/12-trinity-portal.html?account=LZT6A6QV,Regular,"275 Cherry St, Toronto, ON"
LZUNKM4J,Split Tree,https://12trinity.github.io/order-portal/12-trinity-portal.html?account=LZUNKM4J,Regular,"98 Richmond Rd Unit J, Ottawa, ON"
M28N5CTF,Laughing Buddha,https://12trinity.github.io/order-portal/12-trinity-portal.html?account=M28N5CTF,Regular,"200 Elgin St Suite 190, Sudbury, ON"
M4PKK3WH,Kasa Moto,https://12trinity.github.io/order-portal/12-trinity-portal.html?account=M4PKK3WH,Regular,"115 Yorkville Ave, Toronto, ON"
M88W228G,Cherry's High Dive,https://12trinity.github.io/order-portal/12-trinity-portal.html?account=M88W228G,Regular,"488 Wellington St W, Toronto, ON"
M96CBPVN,Chronicle Brewing Taproom Ltd.,https://12trinity.github.io/order-portal/12-trinity-portal.html?account=M96CBPVN,Regular,"21 Celina St, Oshawa, ON"
MBWBRFMJ,Mrs. Robinson,https://12trinity.github.io/order-portal/12-trinity-portal.html?account=MBWBRFMJ,Regular,"574 College St, Toronto, ON"
MD624ESA,The Local Social House,https://12trinity.github.io/order-portal/12-trinity-portal.html?account=MD624ESA,Regular,"211 Coleman St, Belleville, ON"
MJRWMY67,The Rhino Bar & Grill,https://12trinity.github.io/order-portal/12-trinity-portal.html?account=MJRWMY67,Regular,"874 Queen St w, Toronto, ON"
MLC6VYWR,Dreamland Cafe Inc.,https://12trinity.github.io/order-portal/12-trinity-portal.html?account=MLC6VYWR,Regular,"262 Preston St. Ottawa, ON K1R 7R5"
MTQQEJ2Q,True North Airways,https://12trinity.github.io/order-portal/12-trinity-portal.html?account=MTQQEJ2Q,Regular,"2379 Wahamaa St, Azilda, ON"
MX9HTXP6,La Condesa,https://12trinity.github.io/order-portal/12-trinity-portal.html?account=MX9HTXP6,Regular,"270 Wellington Main St, Wellington, ON"
MXK92ZDV,Mildred's Temple Kitchen,https://12trinity.github.io/order-portal/12-trinity-portal.html?account=MXK92ZDV,Regular,"85 Hanna Avenue, Suit 104, Toronto, ON"
N3PWZR8S,Miku,https://12trinity.github.io/order-portal/12-trinity-portal.html?account=N3PWZR8S,Regular,"105-10 Bay St. Toronto, ON M5J 2R8"
N6E2DZ2H,St. Regis Hotel,https://12trinity.github.io/order-portal/12-trinity-portal.html?account=N6E2DZ2H,Regular,"325 Bay st, Toronto, ON"
N6HR8WYU,Prodigy Hospitality Group,https://12trinity.github.io/order-portal/12-trinity-portal.html?account=N6HR8WYU,Regular,"137 Locke St S, Hamilton, ON"
N8P7S3WN,Linny's Restaurant,https://12trinity.github.io/order-portal/12-trinity-portal.html?account=N8P7S3WN,Regular,"176 Ossington Ave, Toronto, ON"
NAAL4TKC,Black Bear Ridge Golf Course,https://12trinity.github.io/order-portal/12-trinity-portal.html?account=NAAL4TKC,Regular,"501 Harmony Road, Belleville, ON K0K 1V0"
NBYUKKMV,Electric Island,https://12trinity.github.io/order-portal/12-trinity-portal.html?account=NBYUKKMV,Live Nation,"250 Fort York Blvd, Toronto, ON"
NH5GZD3R,Eighteen,https://12trinity.github.io/order-portal/12-trinity-portal.html?account=NH5GZD3R,Regular,"18 York St, Ottawa, ON"
NPVEX9LB,Boxcar Social Summerhill,https://12trinity.github.io/order-portal/12-trinity-portal.html?account=NPVEX9LB,Regular,"1208 Yonge st, Toronto, ON"
NQ7C553C,Bar Poet,https://12trinity.github.io/order-portal/12-trinity-portal.html?account=NQ7C553C,Regular,"1090 Queen St W. Toronto, ON"
NRNT3G3W,Alice Restaurant & Bar,https://12trinity.github.io/order-portal/12-trinity-portal.html?account=NRNT3G3W,Regular,"488 College St, Toronto, ON"
NSJ4FRTX,Chez Piggy,https://12trinity.github.io/order-portal/12-trinity-portal.html?account=NSJ4FRTX,Regular,"68 Princess St, Kingston, ON K7L 1A5"
NVLUA65N,Takja BBQ House,https://12trinity.github.io/order-portal/12-trinity-portal.html?account=NVLUA65N,Regular,"962 College Street, Toronto, ON M6H1A5"
NY63KWCQ,Local Public Eatery (Leaside),https://12trinity.github.io/order-portal/12-trinity-portal.html?account=NY63KWCQ,Regular,"180 Laird Dr, East York, ON"
P3J95R8R,Brass Monkey Speakeasy,https://12trinity.github.io/order-portal/12-trinity-portal.html?account=P3J95R8R,Regular,"Tall Ship Empire Sandy, Queens Quay & Spadina. Toronto, ON"
P4Y9VX3K,Local Public Eatery (Liberty),https://12trinity.github.io/order-portal/12-trinity-portal.html?account=P4Y9VX3K,Regular,"171 E Liberty St Unit 100, Toronto, ON"
P9M675KA,Louf,https://12trinity.github.io/order-portal/12-trinity-portal.html?account=P9M675KA,Regular,501 Davenport Road Toronto ON
PE8X8PTX,Karma,https://12trinity.github.io/order-portal/12-trinity-portal.html?account=PE8X8PTX,Regular,"12205 Riverside Dr E, Windsor, ON"
PGZYDN8W,Kingston Waterfront Hotel (Aqua Terra),https://12trinity.github.io/order-portal/12-trinity-portal.html?account=PGZYDN8W,Regular,"1 Johnson st, Kingston, ON"
Q2HT4VNR,Let Me Be Frank and Frankly,https://12trinity.github.io/order-portal/12-trinity-portal.html?account=Q2HT4VNR,Regular,"311 King St, Midland, ON"
Q6EGAFC3,Pure Spirits,https://12trinity.github.io/order-portal/12-trinity-portal.html?account=Q6EGAFC3,Regular,"17 Tank House Lane Toronto, ON M5A 3C4"
Q8AE8UZS,The Clarendon,https://12trinity.github.io/order-portal/12-trinity-portal.html?account=Q8AE8UZS,Regular,"11 George St, Ottawa, ON"
Q9GZZWK6,Meyers Creek Brewing Company,https://12trinity.github.io/order-portal/12-trinity-portal.html?account=Q9GZZWK6,Regular,"60 Dundas St East, Belleville, ON"
Q9PYBSL9,Queen & Beaver Public House,https://12trinity.github.io/order-portal/12-trinity-portal.html?account=Q9PYBSL9,Regular,"35 Elm St, Toronto, ON M5G 1H1"
QQFX5RA7,Spirit of York Distillery,https://12trinity.github.io/order-portal/12-trinity-portal.html?account=QQFX5RA7,Regular,"12 Trinity st, Toronto, ON"
QSK6K7FT,The Rosebud,https://12trinity.github.io/order-portal/12-trinity-portal.html?account=QSK6K7FT,Regular,"498 King Street East, Toronto, ON"
QUHZYMEY,Arlo Wine & Restaurant,https://12trinity.github.io/order-portal/12-trinity-portal.html?account=QUHZYMEY,Regular,"340 Somerset St W, Ottawa, ON"
QYMBFSVB,La Banane,https://12trinity.github.io/order-portal/12-trinity-portal.html?account=QYMBFSVB,Regular,"227 Ossington Ave, Toronto, ON"
QZ423ZC5,Bar Aperitivo,https://12trinity.github.io/order-portal/12-trinity-portal.html?account=QZ423ZC5,Regular,"95 Cumberland St Unit 110, Toronto, ON"
R5QUJEUH,Drom Taberna,https://12trinity.github.io/order-portal/12-trinity-portal.html?account=R5QUJEUH,Regular,"458 Queen St W, Toronto, ON"
RFDS9XB6,Odd Duck Wine & Provisions,https://12trinity.github.io/order-portal/12-trinity-portal.html?account=RFDS9XB6,Regular,"93 Ontario St, Kitchener, ON"
RFMRTZ9J,Opera House,https://12trinity.github.io/order-portal/12-trinity-portal.html?account=RFMRTZ9J,Live Nation,"735 Queen St E, Toronto, ON"
RSTQK8R8,Canada's National Ballet School,https://12trinity.github.io/order-portal/12-trinity-portal.html?account=RSTQK8R8,Regular,"400 Jarvis st, Toronto, ON M4Y2G6"
S2ET7QBQ,Mira Mira Diner,https://12trinity.github.io/order-portal/12-trinity-portal.html?account=S2ET7QBQ,Regular,"1963 Queen St E, Toronto, ON"
S523VRZA,Bampot House,https://12trinity.github.io/order-portal/12-trinity-portal.html?account=S523VRZA,Regular,"201 Harbord Street, Toronto, ON M5S 1H6"
S5QRLQKS,Table Rock House Restaurant,https://12trinity.github.io/order-portal/12-trinity-portal.html?account=S5QRLQKS,Regular,"6650 Niagara Pkwy, Niagara Falls, ON"
SC3EUHYR,Saint John's Tavern,https://12trinity.github.io/order-portal/12-trinity-portal.html?account=SC3EUHYR,Regular,"117 John St, Toronto, ON"
SG36QFNJ,RSM,https://12trinity.github.io/order-portal/12-trinity-portal.html?account=SG36QFNJ,Regular,"11 King St W #700, Toronto, ON M5H 4C7"
SKVTNGKP,Vinny,https://12trinity.github.io/order-portal/12-trinity-portal.html?account=SKVTNGKP,Regular,"480 King st W, Toronto, ON"
SQ2FLLFH,Beau Bistro,https://12trinity.github.io/order-portal/12-trinity-portal.html?account=SQ2FLLFH,Regular,"161 Main St. W, Picton, K0K 2T0"
SVJDBBS9,Base 31,https://12trinity.github.io/order-portal/12-trinity-portal.html?account=SVJDBBS9,Regular,"26-343, County Rd 22 Building 26, Picton, ON"
T6BVGKEZ,Queen Victoria Place,https://12trinity.github.io/order-portal/12-trinity-portal.html?account=T6BVGKEZ,Regular,"6345 Niagara River Pkwy, Niagara Falls, ON"
TC8H68M2,Black Dog Tavern / Atomica,https://12trinity.github.io/order-portal/12-trinity-portal.html?account=TC8H68M2,Regular,"69 Brock St, Kingston, ON"
TFM6CE7C,Nobu,https://12trinity.github.io/order-portal/12-trinity-portal.html?account=TFM6CE7C,Regular,"25 Mercer St, Toronto, ON M5V 1H2"
TK2MG2SN,Baton Rouge (Hunt Club),https://12trinity.github.io/order-portal/12-trinity-portal.html?account=TK2MG2SN,Regular,"270 West Hunt Club Rd, Nepean, ON"
TRYSLCKP,(Untitled) by Flaunt Boutique,https://12trinity.github.io/order-portal/12-trinity-portal.html?account=TRYSLCKP,Regular,"792 Queen St East, Toronto, ON"
TT6RAM4X,White Lily Diner,https://12trinity.github.io/order-portal/12-trinity-portal.html?account=TT6RAM4X,Regular,"678 Queen St E, Toronto, ON"
U5J267CZ,County Arts Council Holiday Mixer,https://12trinity.github.io/order-portal/12-trinity-portal.html?account=U5J267CZ,Regular,"206 Main St, Picton, ON"
U62X7MH9,J's Steakfrites,https://12trinity.github.io/order-portal/12-trinity-portal.html?account=U62X7MH9,Regular,"577 College St, Toronto, ON"
U7JF8Q8V,Greta YYZ,https://12trinity.github.io/order-portal/12-trinity-portal.html?account=U7JF8Q8V,Regular,"590 King St W, Toronto, ON"
UC9LFC8V,The Libertine,https://12trinity.github.io/order-portal/12-trinity-portal.html?account=UC9LFC8V,Regular,"1307 Dundas St w, Toronto, ON"
UKNUE59Z,Haliburton Post House,https://12trinity.github.io/order-portal/12-trinity-portal.html?account=UKNUE59Z,Regular,"1297 Kashagawigamog Lake Rd, Minden, ON"
UVPAYY9A,Merrill House,https://12trinity.github.io/order-portal/12-trinity-portal.html?account=UVPAYY9A,Regular,"343 Main St E #343, Picton, ON"
UW7RZNV4,Death and Taxes,https://12trinity.github.io/order-portal/12-trinity-portal.html?account=UW7RZNV4,Regular,"1154 Queen St W, Toronto ON M6J 1J5"
V5D732QQ,Architect Hair Design,https://12trinity.github.io/order-portal/12-trinity-portal.html?account=V5D732QQ,Regular,"324 James Street N, Hamilton, ON"
V63YGLTL,Occhiolino Pastificio,https://12trinity.github.io/order-portal/12-trinity-portal.html?account=V63YGLTL,Regular,"499 Bathurst St, Toronto, ON"
VCGYMDCF,King Street Trio Uptown,https://12trinity.github.io/order-portal/12-trinity-portal.html?account=VCGYMDCF,Regular,"40 King St S, Waterloo, ON"
VEV56CQ8,Lucie,https://12trinity.github.io/order-portal/12-trinity-portal.html?account=VEV56CQ8,Regular,"100 Yonge Street, Toronto, ON"
VJYC4NNL,Konrad Private Event,https://12trinity.github.io/order-portal/12-trinity-portal.html?account=VJYC4NNL,Regular,"The Bentway, Toronto, ON"
VLY88JJW,Kee To Bala,https://12trinity.github.io/order-portal/12-trinity-portal.html?account=VLY88JJW,Live Nation,"1012 Balla Falls Rd, Bala, ON"
VM7K7XF3,Minami,https://12trinity.github.io/order-portal/12-trinity-portal.html?account=VM7K7XF3,Regular,"100-225 King St. West, Toronto, ON M5V 3M2"
VU8N9JNW,Westin Harbour Castle,https://12trinity.github.io/order-portal/12-trinity-portal.html?account=VU8N9JNW,Regular,"1 Harbour Sq, Toronto, ON"
VWXWMCGP,Magnone's Italian Kitchen,https://12trinity.github.io/order-portal/12-trinity-portal.html?account=VWXWMCGP,Regular,"108 Jozo Weider Blvd, Blue Mountains, ON"
W34SWXZF,aKin,https://12trinity.github.io/order-portal/12-trinity-portal.html?account=W34SWXZF,Regular,"51 Colborne St, Toronto, ON"
W7HM2GHG,Elmhirst's Resort,https://12trinity.github.io/order-portal/12-trinity-portal.html?account=W7HM2GHG,Regular,"1045 Settlers Line, Keene, ON"
WCQ3WJQG,Casa Paco,https://12trinity.github.io/order-portal/12-trinity-portal.html?account=WCQ3WJQG,Regular,"50C Clinton St, Toronto, ON"
WEKFG4PY,The Springwood,https://12trinity.github.io/order-portal/12-trinity-portal.html?account=WEKFG4PY,Regular,"1645 Dundas st E Unit #1, Whitby, ON"
WKACJP7C,The Avling Kitchen and Brewery,https://12trinity.github.io/order-portal/12-trinity-portal.html?account=WKACJP7C,Regular,"1042 Queen Street East, Toronto, ON"
WKYW93MR,Stone Crock Inc.,https://12trinity.github.io/order-portal/12-trinity-portal.html?account=WKYW93MR,Regular,"1396 king st north, St. Jacobs, ON"
WQLRAUAQ,Juna Restaurant,https://12trinity.github.io/order-portal/12-trinity-portal.html?account=WQLRAUAQ,Regular,"9201 Hwy 118 Minden, ON K0M 1S0"
WRD237R7,Shinka Sushi Bar,https://12trinity.github.io/order-portal/12-trinity-portal.html?account=WRD237R7,Regular,"2900 Sheffield Rd Suite 3, Ottawa, ON"
WTBGQP4N,Made In Canada Eatery & Whisky Pub,https://12trinity.github.io/order-portal/12-trinity-portal.html?account=WTBGQP4N,Regular,"200 Falconbridge Road, Sudbury, ON"
WV5JK7RF,Stratos Pizza,https://12trinity.github.io/order-portal/12-trinity-portal.html?account=WV5JK7RF,Regular,"20018 Loyalist Parkway. Consecon, ON K0K 1T0"
X4NN29RT,Another Bar,https://12trinity.github.io/order-portal/12-trinity-portal.html?account=X4NN29RT,Regular,"926 Bloor St W, Toronto, ON"
X79QTBHH,555 Brewing Co.,https://12trinity.github.io/order-portal/12-trinity-portal.html?account=X79QTBHH,Regular,"124 Picton Main St, Prince Edward, ON"
XEB59A52,Don Valley Golf Course,https://12trinity.github.io/order-portal/12-trinity-portal.html?account=XEB59A52,Regular,"4200 Yonge St, North York, ON"
XGDRGZAT,Bar Danu,https://12trinity.github.io/order-portal/12-trinity-portal.html?account=XGDRGZAT,Regular,"1237 Queen St W, Toronto, ON"
XT7QA8ZY,Barber & Co.,https://12trinity.github.io/order-portal/12-trinity-portal.html?account=XT7QA8ZY,Regular,"89 Ossington Ave, Toronto, ON"
XUDMPMBW,The Muskoka Way,https://12trinity.github.io/order-portal/12-trinity-portal.html?account=XUDMPMBW,Regular,"81 Manitoba St, Bracebridge, ON"
XZN3LSP2,Scotiabank Arena,https://12trinity.github.io/order-portal/12-trinity-portal.html?account=XZN3LSP2,Regular,"40 Bay St, Toronto, ON"
Y9F7H77M,Sunny's Chinese,https://12trinity.github.io/order-portal/12-trinity-portal.html?account=Y9F7H77M,Regular,"60 Kensington Ave Unit 6-14, Toronto, ON"
Y9UW7Z8F,Carbonic Coffee,https://12trinity.github.io/order-portal/12-trinity-portal.html?account=Y9UW7Z8F,Regular,"37 Baldwin St. Toronto, ON M5T 1L1"
YCBD82TB,Under The Vine,https://12trinity.github.io/order-portal/12-trinity-portal.html?account=YCBD82TB,Regular,"275 Main Street, Bloomfield, ON K0K 1G0"
YDN3JG55,Beach Hill Wines,https://12trinity.github.io/order-portal/12-trinity-portal.html?account=YDN3JG55,Regular,"1879 Gerrard St E, Toronto, ON"
YH54D9LA,CN Tower,https://12trinity.github.io/order-portal/12-trinity-portal.html?account=YH54D9LA,Regular,"290 Bremner Blvd, Toronto, ON"
YNPDSMBT,Florin,https://12trinity.github.io/order-portal/12-trinity-portal.html?account=YNPDSMBT,Regular,"80 Richmond St W Suite 100, Toronto, ON"
YUKXF4HA,Low Down Bar,https://12trinity.github.io/order-portal/12-trinity-portal.html?account=YUKXF4HA,Regular,"65 Simcoe St Unit 5, Collingwood, ON"
YWRHWVEL,Shirley's Bayside Grill,https://12trinity.github.io/order-portal/12-trinity-portal.html?account=YWRHWVEL,Regular,"150 Dunlop St E Unit 101, Barrie, ON"
YWWXNAEY,Harbour Sixty Steakhouse,https://12trinity.github.io/order-portal/12-trinity-portal.html?account=YWWXNAEY,Regular,"60 Harbour Street, Toronto, ON"
ZEYYG74V,The Royal Hotel,https://12trinity.github.io/order-portal/12-trinity-portal.html?account=ZEYYG74V,Regular,"247 Picton Main Street. Picton, ON K0K 2T0"
ZNH52R5H,Ruby Soho,https://12trinity.github.io/order-portal/12-trinity-portal.html?account=ZNH52R5H,Regular,"587 King St W, Toronto, ON"
ZP3LUJLY,Gia,https://12trinity.github.io/order-portal/12-trinity-portal.html?account=ZP3LUJLY,Regular,"1214 Dundas St W, Toronto, ON"
ZQTHS7VQ,Decanter (The Cellar Source),https://12trinity.github.io/order-portal/12-trinity-portal.html?account=ZQTHS7VQ,Regular,"260 Wellington Main St, Wellington, ON K0K 3L0"
ZT7Y93A4,Drake Hotel,https://12trinity.github.io/order-portal/12-trinity-portal.html?account=ZT7Y93A4,Regular,"1150 Queen st W, Toronto, ON M6J 1J3"
ZU8DWG7S,David Duncan House,https://12trinity.github.io/order-portal/12-trinity-portal.html?account=ZU8DWG7S,Regular,"125 Moatfield Dr, North York, ON"
ZXYB6RZ6,Ace Golf Bar & Lounge,https://12trinity.github.io/order-portal/12-trinity-portal.html?account=ZXYB6RZ6,Regular,"588 Eastern Ave, Toronto, ON"
06FGUAW0,Chez Nad,https://12trinity.github.io/order-portal/12-trinity-portal.html?account=06FGUAW0,Regular,"780 Queen St W, Toronto, ON M6J 2R5"
GL8WSDN5,The Old Station,https://12trinity.github.io/order-portal/12-trinity-portal.html?account=GL8WSDN5,Regular,"88 Manitoba St, Bracebridge, ON P1L 2B5"
OW1WD6TR,Gibson & Co.,https://12trinity.github.io/order-portal/12-trinity-portal.html?account=OW1WD6TR,Regular,"3-93 Hurontario St, Collingwood, ON, L9Y 2L9"
Z1GRMCW2,1 Hotel,https://12trinity.github.io/order-portal/12-trinity-portal.html?account=Z1GRMCW2,Regular,"550 Wellington Street West Toronto, ON, M5V 2V4"
